malusscore,time
1001911,0.00856328010559082
1272,0.7312190532684326
1056,1.5037641525268555
950,2.2738821506500244
834,3.0443055629730225
781,3.8614349365234375
722,4.632766962051392
672,5.449825286865234
655,6.156604051589966
