malusscore,time
2002028,0.00799703598022461
1426,0.6222262382507324
1139,1.1740128993988037
973,1.7469086647033691
890,2.4486467838287354
851,3.0508878231048584
