malusscore,time
12001885,0.0
1460,0.6068601608276367
1140,1.1111748218536377
