malusscore,time
4001955,0.008064508438110352
1336,0.8026208877563477
1061,1.558382272720337
962,2.155860185623169
