malusscore,time
10001706,0.0060579776763916016
1001261,0.8008472919464111
1084,1.5741794109344482
969,2.3747847080230713
923,2.831860065460205
804,3.5402162075042725
744,3.9684970378875732
