malusscore,time
10001869,0.008049726486206055
1318,0.40969014167785645
1037,0.8033313751220703
818,1.1968481540679932
764,1.6371798515319824
