malusscore,time
16001884,0.0
1301,0.4643840789794922
1016,1.1869440078735352
842,1.8154184818267822
758,2.577890396118164
689,3.3794496059417725
643,4.14310622215271
597,4.961550235748291
