malusscore,time
827,0.0
836,0.1728508472442627
799,0.31397104263305664
775,0.47116732597351074
