malusscore,time
824,0.006072282791137695
821,0.5092806816101074
795,0.8389968872070312
791,1.156444787979126
781,1.4804933071136475
