malusscore,time
817,0.015622138977050781
730,0.6133739948272705
