malusscore,time
824,0.015610218048095703
826,0.43831300735473633
797,0.8371572494506836
792,1.1539390087127686
756,1.4536278247833252
727,1.7534630298614502
