malusscore,time
823,0.0
791,0.1892855167388916
754,0.35100841522216797
767,0.5832607746124268
748,0.7746388912200928
731,0.9545578956604004
713,1.1528456211090088
