malusscore,time
819,0.005453348159790039
751,0.16426730155944824
730,0.32939672470092773
756,0.4869728088378906
773,0.6701135635375977
782,0.8539094924926758
775,1.0953595638275146
761,1.2775144577026367
745,1.4291064739227295
