malusscore,time
812,0.010933637619018555
814,0.1621568202972412
782,0.3326694965362549
751,0.5030033588409424
771,0.6996457576751709
731,0.8542442321777344
752,1.1209802627563477
741,1.3697278499603271
