malusscore,time
825,0.016086339950561523
812,0.32326316833496094
785,0.6485269069671631
